[{"model": "admin.logentry", "pk": 1, "fields": {"action_time": "2021-06-12T23:55:33.182Z", "user": 1, "content_type": 7, "object_id": "1", "object_repr": "coffeecup.example.com", "action_flag": 2, "change_message": "[{\"changed\": {\"fields\": [\"Domain name\", \"Display name\"]}}]"}}, {"model": "admin.logentry", "pk": 2, "fields": {"action_time": "2021-06-13T00:08:19.486Z", "user": 1, "content_type": 7, "object_id": "2", "object_repr": "127.0.0.1:8000", "action_flag": 1, "change_message": "[{\"added\": {}}]"}}, {"model": "admin.logentry", "pk": 3, "fields": {"action_time": "2021-06-13T00:39:04.963Z", "user": 1, "content_type": 8, "object_id": "1", "object_repr": "slavabdev@gmail.com", "action_flag": 2, "change_message": "[{\"changed\": {\"fields\": [\"Verified\", \"Primary\"]}}]"}}, {"model": "admin.logentry", "pk": 4, "fields": {"action_time": "2021-06-13T00:55:36.660Z", "user": 1, "content_type": 11, "object_id": "1", "object_repr": "google-api", "action_flag": 1, "change_message": "[{\"added\": {}}]"}}, {"model": "admin.logentry", "pk": 5, "fields": {"action_time": "2021-06-13T01:02:30.605Z", "user": 1, "content_type": 11, "object_id": "1", "object_repr": "google-api", "action_flag": 2, "change_message": "[]"}}, {"model": "admin.logentry", "pk": 6, "fields": {"action_time": "2021-06-14T00:14:13.377Z", "user": 1, "content_type": 7, "object_id": "3", "object_repr": "https://8000-aqua-butterfly-9pwlghb9.ws-eu09.gitpod.io/", "action_flag": 1, "change_message": "[{\"added\": {}}]"}}, {"model": "admin.logentry", "pk": 7, "fields": {"action_time": "2021-06-14T00:14:31.956Z", "user": 1, "content_type": 11, "object_id": "1", "object_repr": "google-api", "action_flag": 2, "change_message": "[{\"changed\": {\"fields\": [\"Sites\"]}}]"}}, {"model": "admin.logentry", "pk": 8, "fields": {"action_time": "2021-06-14T00:15:29.633Z", "user": 1, "content_type": 11, "object_id": "1", "object_repr": "google-api", "action_flag": 2, "change_message": "[{\"changed\": {\"fields\": [\"Sites\"]}}]"}}, {"model": "admin.logentry", "pk": 9, "fields": {"action_time": "2021-06-14T00:16:25.533Z", "user": 1, "content_type": 11, "object_id": "1", "object_repr": "google-api", "action_flag": 2, "change_message": "[{\"changed\": {\"fields\": [\"Sites\"]}}]"}}, {"model": "admin.logentry", "pk": 10, "fields": {"action_time": "2021-06-14T00:16:54.561Z", "user": 1, "content_type": 11, "object_id": "1", "object_repr": "google-api", "action_flag": 2, "change_message": "[{\"changed\": {\"fields\": [\"Sites\"]}}]"}}, {"model": "admin.logentry", "pk": 11, "fields": {"action_time": "2021-06-14T00:18:09.766Z", "user": 1, "content_type": 11, "object_id": "1", "object_repr": "google-api", "action_flag": 2, "change_message": "[{\"changed\": {\"fields\": [\"Sites\"]}}]"}}, {"model": "admin.logentry", "pk": 12, "fields": {"action_time": "2021-06-14T00:51:39.728Z", "user": 1, "content_type": 7, "object_id": "3", "object_repr": "https://8000-aqua-butterfly-9pwlghb9.ws-eu09.gitpod.io/", "action_flag": 2, "change_message": "[]"}}, {"model": "admin.logentry", "pk": 13, "fields": {"action_time": "2021-06-14T00:51:55.183Z", "user": 1, "content_type": 11, "object_id": "1", "object_repr": "google-api", "action_flag": 2, "change_message": "[{\"changed\": {\"fields\": [\"Sites\"]}}]"}}, {"model": "admin.logentry", "pk": 14, "fields": {"action_time": "2021-06-14T01:06:02.118Z", "user": 1, "content_type": 11, "object_id": "1", "object_repr": "google-api", "action_flag": 2, "change_message": "[{\"changed\": {\"fields\": [\"Sites\"]}}]"}}, {"model": "admin.logentry", "pk": 15, "fields": {"action_time": "2021-06-14T01:06:57.079Z", "user": 1, "content_type": 11, "object_id": "1", "object_repr": "google-api", "action_flag": 2, "change_message": "[]"}}, {"model": "admin.logentry", "pk": 16, "fields": {"action_time": "2021-06-15T22:31:09.055Z", "user": 1, "content_type": 13, "object_id": "1", "object_repr": "Coffee", "action_flag": 1, "change_message": "[{\"added\": {}}]"}}, {"model": "admin.logentry", "pk": 17, "fields": {"action_time": "2021-06-15T22:32:34.085Z", "user": 1, "content_type": 13, "object_id": "2", "object_repr": "Equipment", "action_flag": 1, "change_message": "[{\"added\": {}}]"}}, {"model": "admin.logentry", "pk": 18, "fields": {"action_time": "2021-06-15T22:37:51.301Z", "user": 1, "content_type": 13, "object_id": "3", "object_repr": "Merch", "action_flag": 1, "change_message": "[{\"added\": {}}]"}}, {"model": "admin.logentry", "pk": 19, "fields": {"action_time": "2021-06-15T23:36:53.845Z", "user": 1, "content_type": 13, "object_id": "3", "object_repr": "Merch", "action_flag": 2, "change_message": "[{\"changed\": {\"fields\": [\"Category img\"]}}]"}}, {"model": "admin.logentry", "pk": 20, "fields": {"action_time": "2021-06-15T23:37:04.396Z", "user": 1, "content_type": 13, "object_id": "2", "object_repr": "Equipment", "action_flag": 2, "change_message": "[{\"changed\": {\"fields\": [\"Category img\"]}}]"}}, {"model": "admin.logentry", "pk": 21, "fields": {"action_time": "2021-06-15T23:37:16.443Z", "user": 1, "content_type": 13, "object_id": "1", "object_repr": "Coffee", "action_flag": 2, "change_message": "[{\"changed\": {\"fields\": [\"Category img\"]}}]"}}, {"model": "admin.logentry", "pk": 22, "fields": {"action_time": "2021-06-16T00:46:37.637Z", "user": 1, "content_type": 14, "object_id": "1", "object_repr": "Brazil", "action_flag": 1, "change_message": "[{\"added\": {}}]"}}, {"model": "admin.logentry", "pk": 23, "fields": {"action_time": "2021-06-16T00:47:16.414Z", "user": 1, "content_type": 14, "object_id": "2", "object_repr": "Bolivia", "action_flag": 1, "change_message": "[{\"added\": {}}]"}}, {"model": "admin.logentry", "pk": 24, "fields": {"action_time": "2021-06-16T00:49:11.926Z", "user": 1, "content_type": 14, "object_id": "3", "object_repr": "Colombia", "action_flag": 1, "change_message": "[{\"added\": {}}]"}}, {"model": "admin.logentry", "pk": 25, "fields": {"action_time": "2021-06-16T00:51:50.885Z", "user": 1, "content_type": 14, "object_id": "4", "object_repr": "El Salvador", "action_flag": 1, "change_message": "[{\"added\": {}}]"}}, {"model": "admin.logentry", "pk": 26, "fields": {"action_time": "2021-06-16T00:52:00.254Z", "user": 1, "content_type": 14, "object_id": "4", "object_repr": "El Salvador", "action_flag": 2, "change_message": "[{\"changed\": {\"fields\": [\"Has sizes\"]}}]"}}, {"model": "admin.logentry", "pk": 27, "fields": {"action_time": "2021-06-16T00:52:43.036Z", "user": 1, "content_type": 14, "object_id": "5", "object_repr": "Ethiopia", "action_flag": 1, "change_message": "[{\"added\": {}}]"}}, {"model": "admin.logentry", "pk": 28, "fields": {"action_time": "2021-06-16T00:53:42.199Z", "user": 1, "content_type": 14, "object_id": "6", "object_repr": "Ethiopia decaf", "action_flag": 1, "change_message": "[{\"added\": {}}]"}}, {"model": "admin.logentry", "pk": 29, "fields": {"action_time": "2021-06-16T00:55:53.217Z", "user": 1, "content_type": 14, "object_id": "7", "object_repr": "Guatemala", "action_flag": 1, "change_message": "[{\"added\": {}}]"}}, {"model": "admin.logentry", "pk": 30, "fields": {"action_time": "2021-06-16T00:57:22.871Z", "user": 1, "content_type": 14, "object_id": "8", "object_repr": "Honduras", "action_flag": 1, "change_message": "[{\"added\": {}}]"}}, {"model": "admin.logentry", "pk": 31, "fields": {"action_time": "2021-06-16T01:04:56.296Z", "user": 1, "content_type": 14, "object_id": "9", "object_repr": "Nicaragua", "action_flag": 1, "change_message": "[{\"added\": {}}]"}}, {"model": "admin.logentry", "pk": 32, "fields": {"action_time": "2021-06-16T01:06:06.470Z", "user": 1, "content_type": 14, "object_id": "10", "object_repr": "Rwanda", "action_flag": 1, "change_message": "[{\"added\": {}}]"}}, {"model": "admin.logentry", "pk": 33, "fields": {"action_time": "2021-06-16T01:08:34.255Z", "user": 1, "content_type": 14, "object_id": "11", "object_repr": "Sweatshot 3fe", "action_flag": 1, "change_message": "[{\"added\": {}}]"}}, {"model": "admin.logentry", "pk": 34, "fields": {"action_time": "2021-06-16T01:09:38.749Z", "user": 1, "content_type": 14, "object_id": "12", "object_repr": "Ocean bottle", "action_flag": 1, "change_message": "[{\"added\": {}}]"}}, {"model": "admin.logentry", "pk": 35, "fields": {"action_time": "2021-06-16T01:10:29.503Z", "user": 1, "content_type": 14, "object_id": "13", "object_repr": "Socks 3fe", "action_flag": 1, "change_message": "[{\"added\": {}}]"}}, {"model": "admin.logentry", "pk": 36, "fields": {"action_time": "2021-06-16T01:11:10.761Z", "user": 1, "content_type": 14, "object_id": "14", "object_repr": "Scarf 3fe", "action_flag": 1, "change_message": "[{\"added\": {}}]"}}, {"model": "admin.logentry", "pk": 37, "fields": {"action_time": "2021-06-16T01:12:10.452Z", "user": 1, "content_type": 14, "object_id": "15", "object_repr": "Beanie Soma", "action_flag": 1, "change_message": "[{\"added\": {}}]"}}, {"model": "admin.logentry", "pk": 38, "fields": {"action_time": "2021-06-16T01:12:59.186Z", "user": 1, "content_type": 14, "object_id": "16", "object_repr": "Mug", "action_flag": 1, "change_message": "[{\"added\": {}}]"}}, {"model": "admin.logentry", "pk": 39, "fields": {"action_time": "2021-06-16T01:15:00.354Z", "user": 1, "content_type": 14, "object_id": "17", "object_repr": "Aeropress", "action_flag": 1, "change_message": "[{\"added\": {}}]"}}, {"model": "admin.logentry", "pk": 40, "fields": {"action_time": "2021-06-16T01:16:36.525Z", "user": 1, "content_type": 14, "object_id": "18", "object_repr": "French Press", "action_flag": 1, "change_message": "[{\"added\": {}}]"}}, {"model": "admin.logentry", "pk": 41, "fields": {"action_time": "2021-06-16T01:17:43.427Z", "user": 1, "content_type": 14, "object_id": "19", "object_repr": "Moka Express", "action_flag": 1, "change_message": "[{\"added\": {}}]"}}, {"model": "admin.logentry", "pk": 42, "fields": {"action_time": "2021-06-16T01:17:52.630Z", "user": 1, "content_type": 14, "object_id": "19", "object_repr": "Moka Express", "action_flag": 2, "change_message": "[{\"changed\": {\"fields\": [\"Category\"]}}]"}}, {"model": "admin.logentry", "pk": 43, "fields": {"action_time": "2021-06-16T01:35:20.293Z", "user": 1, "content_type": 14, "object_id": "20", "object_repr": "Coffee scale", "action_flag": 1, "change_message": "[{\"added\": {}}]"}}, {"model": "admin.logentry", "pk": 44, "fields": {"action_time": "2021-06-16T01:36:23.366Z", "user": 1, "content_type": 14, "object_id": "21", "object_repr": "Tea Pot", "action_flag": 1, "change_message": "[{\"added\": {}}]"}}, {"model": "admin.logentry", "pk": 45, "fields": {"action_time": "2021-06-16T01:37:48.256Z", "user": 1, "content_type": 14, "object_id": "22", "object_repr": "Hario mini drip", "action_flag": 1, "change_message": "[{\"added\": {}}]"}}, {"model": "admin.logentry", "pk": 46, "fields": {"action_time": "2021-06-16T01:38:53.388Z", "user": 1, "content_type": 14, "object_id": "23", "object_repr": "Sage Barista Pro", "action_flag": 1, "change_message": "[{\"added\": {}}]"}}, {"model": "admin.logentry", "pk": 47, "fields": {"action_time": "2021-06-16T01:40:52.501Z", "user": 1, "content_type": 14, "object_id": "24", "object_repr": "Victoria Arduino grinder", "action_flag": 1, "change_message": "[{\"added\": {}}]"}}, {"model": "admin.logentry", "pk": 48, "fields": {"action_time": "2021-06-16T01:41:49.717Z", "user": 1, "content_type": 14, "object_id": "25", "object_repr": "Wilfa Coffee Grinder", "action_flag": 1, "change_message": "[{\"added\": {}}]"}}, {"model": "admin.logentry", "pk": 49, "fields": {"action_time": "2021-06-20T02:04:01.868Z", "user": 1, "content_type": 13, "object_id": "1", "object_repr": "coffee", "action_flag": 2, "change_message": "[{\"changed\": {\"fields\": [\"Name\"]}}]"}}, {"model": "admin.logentry", "pk": 50, "fields": {"action_time": "2021-06-20T02:04:47.076Z", "user": 1, "content_type": 13, "object_id": "2", "object_repr": "equipment", "action_flag": 2, "change_message": "[{\"changed\": {\"fields\": [\"Name\"]}}]"}}, {"model": "admin.logentry", "pk": 51, "fields": {"action_time": "2021-06-20T02:05:01.987Z", "user": 1, "content_type": 13, "object_id": "3", "object_repr": "merch", "action_flag": 2, "change_message": "[{\"changed\": {\"fields\": [\"Name\"]}}]"}}, {"model": "admin.logentry", "pk": 52, "fields": {"action_time": "2021-06-24T23:15:11.487Z", "user": 1, "content_type": 15, "object_id": "2", "object_repr": "1FEE06184F634F4E880653BB34F1F5C6", "action_flag": 2, "change_message": "[{\"added\": {\"name\": \"order line item\", \"object\": \"OrderLineItem object (4)\"}}, {\"changed\": {\"name\": \"order line item\", \"object\": \"OrderLineItem object (2)\", \"fields\": [\"Product size\"]}}]"}}, {"model": "admin.logentry", "pk": 53, "fields": {"action_time": "2021-06-24T23:15:41.381Z", "user": 1, "content_type": 15, "object_id": "3", "object_repr": "A3E4AC24663E4AC989F0427CD24B2DA1", "action_flag": 3, "change_message": ""}}, {"model": "admin.logentry", "pk": 54, "fields": {"action_time": "2021-06-24T23:15:41.414Z", "user": 1, "content_type": 15, "object_id": "2", "object_repr": "1FEE06184F634F4E880653BB34F1F5C6", "action_flag": 3, "change_message": ""}}, {"model": "admin.logentry", "pk": 55, "fields": {"action_time": "2021-06-24T23:15:51.229Z", "user": 1, "content_type": 15, "object_id": "1", "object_repr": "A6738578DDE44C0581F2C541A824FC34", "action_flag": 2, "change_message": "[{\"changed\": {\"name\": \"order line item\", \"object\": \"OrderLineItem object (1)\", \"fields\": [\"Quantity\"]}}]"}}, {"model": "admin.logentry", "pk": 56, "fields": {"action_time": "2021-06-24T23:30:48.929Z", "user": 1, "content_type": 15, "object_id": "4", "object_repr": "CB5DDA6EA24D4E27A5688DF8C7D94EE5", "action_flag": 2, "change_message": "[{\"changed\": {\"name\": \"order line item\", \"object\": \"OrderLineItem object (7)\", \"fields\": [\"Quantity\"]}}]"}}, {"model": "admin.logentry", "pk": 57, "fields": {"action_time": "2021-06-24T23:31:14.094Z", "user": 1, "content_type": 15, "object_id": "1", "object_repr": "A6738578DDE44C0581F2C541A824FC34", "action_flag": 3, "change_message": ""}}, {"model": "admin.logentry", "pk": 58, "fields": {"action_time": "2021-06-24T23:31:25.233Z", "user": 1, "content_type": 15, "object_id": "4", "object_repr": "CB5DDA6EA24D4E27A5688DF8C7D94EE5", "action_flag": 2, "change_message": "[{\"changed\": {\"name\": \"order line item\", \"object\": \"OrderLineItem object (7)\", \"fields\": [\"Product size\"]}}]"}}, {"model": "admin.logentry", "pk": 59, "fields": {"action_time": "2021-06-25T00:13:33.984Z", "user": 1, "content_type": 15, "object_id": "5", "object_repr": "4B383216485346CCBCB5A5C2E3DF797F", "action_flag": 2, "change_message": "[{\"changed\": {\"name\": \"order line item\", \"object\": \"OrderLineItem object (8)\", \"fields\": [\"Quantity\"]}}]"}}, {"model": "admin.logentry", "pk": 60, "fields": {"action_time": "2021-06-26T22:06:27.884Z", "user": 1, "content_type": 4, "object_id": "1", "object_repr": "slavabdev", "action_flag": 2, "change_message": "[{\"changed\": {\"fields\": [\"First name\", \"Last name\"]}}]"}}, {"model": "admin.logentry", "pk": 61, "fields": {"action_time": "2021-06-26T22:10:09.933Z", "user": 1, "content_type": 4, "object_id": "1", "object_repr": "slavabdev", "action_flag": 2, "change_message": "[{\"changed\": {\"fields\": [\"User permissions\"]}}]"}}, {"model": "admin.logentry", "pk": 62, "fields": {"action_time": "2021-06-26T22:26:49.158Z", "user": 1, "content_type": 4, "object_id": "2", "object_repr": "slavab", "action_flag": 1, "change_message": "[{\"added\": {}}]"}}, {"model": "admin.logentry", "pk": 63, "fields": {"action_time": "2021-06-26T22:27:15.292Z", "user": 1, "content_type": 4, "object_id": "2", "object_repr": "slavab", "action_flag": 2, "change_message": "[]"}}, {"model": "admin.logentry", "pk": 64, "fields": {"action_time": "2021-06-26T22:27:50.597Z", "user": 1, "content_type": 4, "object_id": "2", "object_repr": "slavab", "action_flag": 2, "change_message": "[{\"changed\": {\"fields\": [\"First name\", \"Last name\", \"Email address\"]}}]"}}, {"model": "admin.logentry", "pk": 65, "fields": {"action_time": "2021-06-26T22:34:45.925Z", "user": 1, "content_type": 4, "object_id": "2", "object_repr": "slavab", "action_flag": 3, "change_message": ""}}, {"model": "admin.logentry", "pk": 66, "fields": {"action_time": "2021-06-26T22:41:38.325Z", "user": 1, "content_type": 4, "object_id": "1", "object_repr": "slavabdev", "action_flag": 2, "change_message": "[]"}}, {"model": "admin.logentry", "pk": 67, "fields": {"action_time": "2021-06-26T22:53:34.371Z", "user": 1, "content_type": 4, "object_id": "1", "object_repr": "slavabdev", "action_flag": 2, "change_message": "[{\"changed\": {\"fields\": [\"User permissions\"]}}]"}}, {"model": "admin.logentry", "pk": 68, "fields": {"action_time": "2021-06-26T22:58:08.307Z", "user": 1, "content_type": 4, "object_id": "3", "object_repr": "slavab", "action_flag": 3, "change_message": ""}}, {"model": "admin.logentry", "pk": 69, "fields": {"action_time": "2021-06-27T14:02:19.691Z", "user": 1, "content_type": 15, "object_id": "24", "object_repr": "DBCFCDF07221441E99045E7908444B82", "action_flag": 2, "change_message": "[{\"changed\": {\"fields\": [\"User profile\"]}}]"}}, {"model": "admin.logentry", "pk": 70, "fields": {"action_time": "2021-06-27T14:23:59.938Z", "user": 1, "content_type": 15, "object_id": "25", "object_repr": "94FCD72FB7A448919B144899B9C796D6", "action_flag": 2, "change_message": "[{\"changed\": {\"fields\": [\"User profile\"]}}]"}}, {"model": "admin.logentry", "pk": 71, "fields": {"action_time": "2021-06-27T14:25:35.838Z", "user": 1, "content_type": 15, "object_id": "26", "object_repr": "846F97E97F70476AA4D5E6B966205E8C", "action_flag": 3, "change_message": ""}}, {"model": "admin.logentry", "pk": 72, "fields": {"action_time": "2021-06-27T14:25:35.910Z", "user": 1, "content_type": 15, "object_id": "25", "object_repr": "94FCD72FB7A448919B144899B9C796D6", "action_flag": 3, "change_message": ""}}, {"model": "admin.logentry", "pk": 73, "fields": {"action_time": "2021-06-27T14:25:35.983Z", "user": 1, "content_type": 15, "object_id": "24", "object_repr": "DBCFCDF07221441E99045E7908444B82", "action_flag": 3, "change_message": ""}}, {"model": "admin.logentry", "pk": 74, "fields": {"action_time": "2021-06-27T14:25:36.060Z", "user": 1, "content_type": 15, "object_id": "22", "object_repr": "A54EEE71DDD746798D5B90EAFA907B80", "action_flag": 3, "change_message": ""}}, {"model": "admin.logentry", "pk": 75, "fields": {"action_time": "2021-06-27T14:25:36.118Z", "user": 1, "content_type": 15, "object_id": "21", "object_repr": "224C5571DB5E4994AB642A465C43A8B2", "action_flag": 3, "change_message": ""}}, {"model": "admin.logentry", "pk": 76, "fields": {"action_time": "2021-06-27T14:25:36.197Z", "user": 1, "content_type": 15, "object_id": "20", "object_repr": "C61C855E2C27425B8978F62BCAC85BFB", "action_flag": 3, "change_message": ""}}, {"model": "admin.logentry", "pk": 77, "fields": {"action_time": "2021-06-27T14:25:36.277Z", "user": 1, "content_type": 15, "object_id": "19", "object_repr": "64483ABFF22146FF8C469EA785FC142C", "action_flag": 3, "change_message": ""}}, {"model": "admin.logentry", "pk": 78, "fields": {"action_time": "2021-06-27T14:25:36.355Z", "user": 1, "content_type": 15, "object_id": "18", "object_repr": "E13464ABB3D2400C97A35173ABDF94FA", "action_flag": 3, "change_message": ""}}, {"model": "admin.logentry", "pk": 79, "fields": {"action_time": "2021-06-27T14:25:36.441Z", "user": 1, "content_type": 15, "object_id": "17", "object_repr": "8141EDBB70A94168BF3EF026FE2C624C", "action_flag": 3, "change_message": ""}}, {"model": "admin.logentry", "pk": 80, "fields": {"action_time": "2021-06-27T14:25:36.510Z", "user": 1, "content_type": 15, "object_id": "16", "object_repr": "3B77FF52456C4110A6FCFD911D572390", "action_flag": 3, "change_message": ""}}, {"model": "admin.logentry", "pk": 81, "fields": {"action_time": "2021-06-27T14:25:36.578Z", "user": 1, "content_type": 15, "object_id": "15", "object_repr": "1D09A989E83B4C6C93643A9A14BA0251", "action_flag": 3, "change_message": ""}}, {"model": "admin.logentry", "pk": 82, "fields": {"action_time": "2021-06-27T14:25:36.638Z", "user": 1, "content_type": 15, "object_id": "14", "object_repr": "A70AB6771F1346C2B57866A561491126", "action_flag": 3, "change_message": ""}}, {"model": "admin.logentry", "pk": 83, "fields": {"action_time": "2021-06-27T14:25:36.719Z", "user": 1, "content_type": 15, "object_id": "13", "object_repr": "CFE748D6A942470CA2115B27A7C2F69F", "action_flag": 3, "change_message": ""}}, {"model": "admin.logentry", "pk": 84, "fields": {"action_time": "2021-06-27T14:25:36.802Z", "user": 1, "content_type": 15, "object_id": "12", "object_repr": "F51F16038B7041778EF7C64AF9774FBC", "action_flag": 3, "change_message": ""}}, {"model": "admin.logentry", "pk": 85, "fields": {"action_time": "2021-06-27T14:25:36.873Z", "user": 1, "content_type": 15, "object_id": "11", "object_repr": "8066EA47E07945309EF3BA80A44762DE", "action_flag": 3, "change_message": ""}}, {"model": "admin.logentry", "pk": 86, "fields": {"action_time": "2021-06-27T14:25:36.938Z", "user": 1, "content_type": 15, "object_id": "10", "object_repr": "4FCDEE59AF8647F1BAC56829241EA28C", "action_flag": 3, "change_message": ""}}, {"model": "admin.logentry", "pk": 87, "fields": {"action_time": "2021-06-27T14:25:37.013Z", "user": 1, "content_type": 15, "object_id": "9", "object_repr": "A278F195B04E4F03B233DB59AA9CA3CF", "action_flag": 3, "change_message": ""}}, {"model": "admin.logentry", "pk": 88, "fields": {"action_time": "2021-06-27T14:25:37.084Z", "user": 1, "content_type": 15, "object_id": "8", "object_repr": "DBAAC69319CF4ACD97F70176A7DCE43D", "action_flag": 3, "change_message": ""}}, {"model": "admin.logentry", "pk": 89, "fields": {"action_time": "2021-06-27T14:25:37.149Z", "user": 1, "content_type": 15, "object_id": "7", "object_repr": "D19A55DC2F3340CC8CD879B9EE4D6B6B", "action_flag": 3, "change_message": ""}}, {"model": "admin.logentry", "pk": 90, "fields": {"action_time": "2021-06-27T14:25:37.222Z", "user": 1, "content_type": 15, "object_id": "6", "object_repr": "50823A9B6319494188CA73719DA7FF93", "action_flag": 3, "change_message": ""}}, {"model": "admin.logentry", "pk": 91, "fields": {"action_time": "2021-06-27T14:25:37.300Z", "user": 1, "content_type": 15, "object_id": "5", "object_repr": "4B383216485346CCBCB5A5C2E3DF797F", "action_flag": 3, "change_message": ""}}, {"model": "admin.logentry", "pk": 92, "fields": {"action_time": "2021-06-27T14:25:37.373Z", "user": 1, "content_type": 15, "object_id": "4", "object_repr": "CB5DDA6EA24D4E27A5688DF8C7D94EE5", "action_flag": 3, "change_message": ""}}, {"model": "admin.logentry", "pk": 93, "fields": {"action_time": "2021-06-27T20:42:56.230Z", "user": 1, "content_type": 15, "object_id": "32", "object_repr": "1A92BE1DE8D842DBA379AF0E1DB95032", "action_flag": 3, "change_message": ""}}, {"model": "admin.logentry", "pk": 94, "fields": {"action_time": "2021-06-28T10:58:43.252Z", "user": 1, "content_type": 4, "object_id": "4", "object_repr": "Slava", "action_flag": 3, "change_message": ""}}, {"model": "admin.logentry", "pk": 95, "fields": {"action_time": "2021-06-28T10:58:43.283Z", "user": 1, "content_type": 4, "object_id": "5", "object_repr": "seantutor", "action_flag": 3, "change_message": ""}}, {"model": "admin.logentry", "pk": 96, "fields": {"action_time": "2021-06-28T10:58:43.319Z", "user": 1, "content_type": 4, "object_id": "6", "object_repr": "tester", "action_flag": 3, "change_message": ""}}, {"model": "admin.logentry", "pk": 97, "fields": {"action_time": "2021-06-28T10:58:43.354Z", "user": 1, "content_type": 4, "object_id": "7", "object_repr": "vasya", "action_flag": 3, "change_message": ""}}, {"model": "admin.logentry", "pk": 98, "fields": {"action_time": "2021-06-29T10:21:12.212Z", "user": 1, "content_type": 18, "object_id": "5", "object_repr": "asdasdasdasdasdasdasdasdasdasdasdasdasd", "action_flag": 3, "change_message": ""}}, {"model": "admin.logentry", "pk": 99, "fields": {"action_time": "2021-06-29T10:21:12.252Z", "user": 1, "content_type": 18, "object_id": "4", "object_repr": "werwerwerwerqweweqqerwer", "action_flag": 3, "change_message": ""}}, {"model": "admin.logentry", "pk": 100, "fields": {"action_time": "2021-06-29T10:21:12.287Z", "user": 1, "content_type": 18, "object_id": "3", "object_repr": "test", "action_flag": 3, "change_message": ""}}, {"model": "admin.logentry", "pk": 101, "fields": {"action_time": "2021-06-29T10:21:12.328Z", "user": 1, "content_type": 18, "object_id": "1", "object_repr": "very nice", "action_flag": 3, "change_message": ""}}, {"model": "admin.logentry", "pk": 102, "fields": {"action_time": "2021-06-29T12:34:04.032Z", "user": 1, "content_type": 18, "object_id": "9", "object_repr": "123123123123", "action_flag": 3, "change_message": ""}}, {"model": "admin.logentry", "pk": 103, "fields": {"action_time": "2021-06-29T12:34:04.068Z", "user": 1, "content_type": 18, "object_id": "8", "object_repr": "asdasdasdasdasd", "action_flag": 3, "change_message": ""}}, {"model": "admin.logentry", "pk": 104, "fields": {"action_time": "2021-06-29T12:34:04.089Z", "user": 1, "content_type": 18, "object_id": "7", "object_repr": "sdfsdfsdfsdf", "action_flag": 3, "change_message": ""}}, {"model": "admin.logentry", "pk": 105, "fields": {"action_time": "2021-06-29T12:34:04.118Z", "user": 1, "content_type": 18, "object_id": "6", "object_repr": "12345", "action_flag": 3, "change_message": ""}}, {"model": "admin.logentry", "pk": 106, "fields": {"action_time": "2021-06-29T12:59:23.241Z", "user": 1, "content_type": 18, "object_id": "15", "object_repr": "fdgdfgdfgdfg", "action_flag": 3, "change_message": ""}}, {"model": "admin.logentry", "pk": 107, "fields": {"action_time": "2021-06-29T12:59:23.277Z", "user": 1, "content_type": 18, "object_id": "14", "object_repr": "fdgdfgdfgdfg", "action_flag": 3, "change_message": ""}}, {"model": "admin.logentry", "pk": 108, "fields": {"action_time": "2021-06-29T12:59:23.309Z", "user": 1, "content_type": 18, "object_id": "13", "object_repr": "fsdfsdfsdfsfsdfasdasdasdasd", "action_flag": 3, "change_message": ""}}, {"model": "admin.logentry", "pk": 109, "fields": {"action_time": "2021-06-29T12:59:23.342Z", "user": 1, "content_type": 18, "object_id": "12", "object_repr": "sdcsdcsdc", "action_flag": 3, "change_message": ""}}, {"model": "admin.logentry", "pk": 110, "fields": {"action_time": "2021-06-29T12:59:23.364Z", "user": 1, "content_type": 18, "object_id": "11", "object_repr": "sdfsdfsdfsdfsdfs", "action_flag": 3, "change_message": ""}}, {"model": "admin.logentry", "pk": 111, "fields": {"action_time": "2021-06-29T12:59:23.385Z", "user": 1, "content_type": 18, "object_id": "10", "object_repr": "dfsdfsdfsdf", "action_flag": 3, "change_message": ""}}, {"model": "auth.user", "pk": 1, "fields": {"password": "pbkdf2_sha256$260000$6XBrFMHp1PjkXq6snn8Ql8$whs0Z7dFjukuwsHsw7W5CAgZpBmqPdAq6NBXHxys5HM=", "last_login": "2021-06-29T17:32:18.253Z", "is_superuser": true, "username": "slavabdev", "first_name": "Slava", "last_name": "Balykov", "email": "slavabdev@gmail.com", "is_staff": true, "is_active": true, "date_joined": "2021-06-12T23:14:10Z", "groups": [], "user_permissions": []}}, {"model": "sessions.session", "pk": "03dqkfvo13nezrxkwnsual3rs4zqz1s1", "fields": {"session_data": "e30:1lxGB5:E8XvDHF8lsGp9q8-PLyZfSGFFfcKZzIivAVItPqqLKw", "expire_date": "2021-07-10T21:49:27.637Z"}}, {"model": "sessions.session", "pk": "2oejqk9u6hz58409vt0380sz7e5mae4z", "fields": {"session_data": "eyJzaG9wYmFnIjp7ImZyZW5jaC1wcmVzcyI6Mn19:1lvcL6:r0xvEtLEIjc2ZQdYEkRRT091Wny1ovXOwfYQHG28HGw", "expire_date": "2021-07-06T09:05:00.025Z"}}, {"model": "sessions.session", "pk": "3bwjm4bibc9s8ezqi63g5q5fyyg00ayx", "fields": {"session_data": "e30:1lxGW9:tPuiih6N7hPgJEoinN7neRTb05HvZyoZpNEQEUzlYDM", "expire_date": "2021-07-10T22:11:13.780Z"}}, {"model": "sessions.session", "pk": "3d18ksknqtf6zqezef419iah52vtmcln", "fields": {"session_data": "e30:1lxGE9:G2eZObxgCpgFpMBigfjIXj5Kt7AJB89Tuurxy-d5l80", "expire_date": "2021-07-10T21:52:37.808Z"}}, {"model": "sessions.session", "pk": "3xdyc6deyq4ojzuikc5bzaadrqs9eht8", "fields": {"session_data": "e30:1lxG1J:wSRsXX4SEnDBoBEk07vkHbEtcMZ_6NkTd7emnS6R2ow", "expire_date": "2021-07-10T21:39:21.453Z"}}, {"model": "sessions.session", "pk": "7i90r4y7p5w9rx0wuvtvfvz092vg7x8z", "fields": {"session_data": ".eJxtjc0KgCAQhN9lzwqWdPFlQmMrSTNa6U989xQ6dhtm5ptJQHPYjJ5AJRh3XIeZbzsSgWoYmODsYXXNbERPvbl7sg9WoxOiQJJB21XR5MyATtSxDEYuR_yl3Nf0YdEcr--qzfkFc2cuPQ:1lvNG0:vQJXffIgh9QicnnLkqB4pnrpM9beX4PClIf3FHPXUnI", "expire_date": "2021-07-05T16:58:44.804Z"}}, {"model": "sessions.session", "pk": "anu891wyvt9s5cnn5lsefa19abv5qmq4", "fields": {"session_data": ".eJxVjEEOwiAQRe_C2pBSwDJduvcMBGamFjXQlDbRGO-uTbrQ7X_vv5fwYV1Gv1aefSLRCyUOv1sMeOO8AbqGfCkSS17mFOWmyJ1WeS7E99Pu_gXGUMfvOyJYiti1R-OUAupCEwfW2hBrG3UA5xQZCwMwobMDalDGYmxtA8aB2aKVa00le35MaX6Kvnl_AJR9Pvs:1lyAxS:OkvJoq4f70Q0fNEzEv50yveFL0t9Dknv_hfvmATFn6I", "expire_date": "2021-07-13T10:27:10.153Z"}}, {"model": "sessions.session", "pk": "c1fxyxpt2z2usppfkc1yc99h5tv8l80r", "fields": {"session_data": ".eJxljs2OwjAQg99lzlVV0oSkPe6dZ4gmnck20E1Q0iAQ4t35EUJCe_HBn235CjhNqcbVnjgHH5gs_2FYYIx1WZoPrYUzjKCgAYt1nV-GDfTfczgdOD4B7TH-pnZKcc3Btc9I-6al3SXi5eed_RqYscyPdqeJ5SBJerUVTm7dYPChWriNYDUwovOmc14LY7TypheKjPY9kZae-terwqWEFC2fjyFfYOwaKHhiG6JPMK658u0OEx9W7A:1lxVcU:WSmdrxTJs0mjCeKM96HcQ3dsrWkRH1yGrYkOSkxy8MI", "expire_date": "2021-07-11T14:18:46.274Z"}}, {"model": "sessions.session", "pk": "e6yvnqkmigko5era66co6fffz98b4juu", "fields": {"session_data": ".eJxVzE1rwzAMgOH_onMIdW23do-7FAY9bYyWMYIsKx9rZgfbOZX-9yajl96E3ke6QY404IhEcQ6lyQULw-H7BlOKxDnDAcbYDQEqyBSnpcEy4lz6ZsKEfyuAewWz6z7T-_HjfOEv-Kmg-Sdz5tQMfjECXnYO6cphDf4XQxdriqGkwdUrqZ8116foeXx72pcHPeZ-uXZktXe03-6UEcL6PW5cy1Iqz1I7idYY4ZW2rWVPRrckrVCa3FZvrDJWwf0B7vRVKQ:1lsaIU:aV97BS7D7IFZdJ95mPSXG_Bs3Rqby35iezOmgepzrUw", "expire_date": "2021-06-28T00:17:46.637Z"}}, {"model": "sessions.session", "pk": "g9x7af0bgjqtjgl2c3dme4iyg5uibalv", "fields": {"session_data": "e30:1lxGTt:XRJS221Mve57uedaQO_v4ur-ZPc5ILW_V5SrHxZzF4M", "expire_date": "2021-07-10T22:08:53.134Z"}}, {"model": "sessions.session", "pk": "jod2iukdmeoehnzsnj7xybjjl13swjqv", "fields": {"session_data": "eyJzYXZlX2luZm8iOmZhbHNlfQ:1lxG0o:BoXPhuNCfvLDsCYgVrT3HZXdLaf_l9EG0xMxifjD-Kw", "expire_date": "2021-07-10T21:38:50.051Z"}}, {"model": "sessions.session", "pk": "n4kpyyll9u62o8ooakr91lskf37nvzp5", "fields": {"session_data": "eyJzaG9wYmFnIjp7InNvY2tzLTNmZSI6M319:1lvcGc:H6jkw3LBN1xF3IlGPXs0d1f01L3G_qLBmF2EFgr1ZgU", "expire_date": "2021-07-06T09:00:22.363Z"}}, {"model": "sessions.session", "pk": "r89h3yg68zx1gdp71ympabenbouhlfe1", "fields": {"session_data": "eyJzaG9wYmFnIjp7ImJvbGl2aWEiOnsiaXRlbXNfYnlfc2l6ZSI6eyIyNTBnIjozLCI1MDBnIjoxfX0sIm9jZWFuLWJvdHRsZSI6Nn19:1lvSiW:4Mqeg7Kverg1LlPrq9-6GmzQucZsWd_WHy84Ly2r910", "expire_date": "2021-07-05T22:48:32.210Z"}}, {"model": "sessions.session", "pk": "s0w2rkwojbfua8pc84qq06x1yoyi6egj", "fields": {"session_data": "e30:1lxGMQ:xL8n3GIxN4BqQEurXq5dXaALFtri_JD8hNoceSu8Gb0", "expire_date": "2021-07-10T22:01:10.478Z"}}, {"model": "sessions.session", "pk": "shsf5kcfypzf6j3arvh693gfqu3upu5p", "fields": {"session_data": ".eJxVjEEOwiAQRe_C2pBSwDJduvcMBGamFjXQlDbRGO-uTbrQ7X_vv5fwYV1Gv1aefSLRCyUOv1sMeOO8AbqGfCkSS17mFOWmyJ1WeS7E99Pu_gXGUMfvOyJYiti1R-OUAupCEwfW2hBrG3UA5xQZCwMwobMDalDGYmxtA8aB2aKVa00le35MaX6Kvnl_AJR9Pvs:1lxoyR:6dpiO-imOpVklY7wS8M3F7smS3xWEhjvspbdhc9LVx0", "expire_date": "2021-07-12T10:58:43.556Z"}}, {"model": "sessions.session", "pk": "tlwmx6f9f45a38mv4srbmpk95rzyveae", "fields": {"session_data": "e30:1lxH2P:Y-TZIAL7YdaGDDQFNHKTjlkoIJJjr_QVJua5mAUD3BM", "expire_date": "2021-07-10T22:44:33.339Z"}}, {"model": "sessions.session", "pk": "u3a3clwsqgrjlv29h09e80kj02cx8wen", "fields": {"session_data": "e30:1lxH2r:U4H0DtMn99JfCU_ODZ6y58X5GD15MCp34ux6BOWQ3fk", "expire_date": "2021-07-10T22:45:01.032Z"}}, {"model": "sessions.session", "pk": "ulx3vwxhw4csttmdspxrltu8tkkyf5mi", "fields": {"session_data": ".eJxVjMEOwiAQBf9lz01TBCxw9O43kAW2FjXQQGs0jf9um3jQ65uZt4LFZR7tUqnYGMAAg-Z3c-hvlHYQrpguufU5zSW6dlfaL63tOQe6n77u38GIddxq57UMzveHo1CM6dBj5wbiXATi0nHUSrEgpB40Ba_k4LlmQnp3kJ0WSov9tFKtMSdLzymWF5iugYoPsjENGcxcFtqGMU8OL2BWQCp5KlsDhr3fH2-ITig:1lyHzR:Pvx-4DAX8Vust7wz0KATQp7aNieYhuIhGLxeR4Igw_Q", "expire_date": "2021-07-13T17:57:41.050Z"}}, {"model": "sessions.session", "pk": "w6b0qp48o0x8e4ya79loch9jqi1oapxh", "fields": {"session_data": ".eJxVjUFuwyAQRa9CZ21ZtoEGsuw-B6jiCAEzjkkdUxnTNqp692LJi3b73ps_32BsXkeTEy0mIByhheovc9a_0bwJvNn5Gmsf53UJrt6SerepPkWk6WVv_w2MNo3l2nkt0flD9yxU22o82MYNxLlA4tJxq5VqUUg9aEKv5OC5boX0rpONFkqLbTRRSiHOhr7ew_KAY1PYvTB7pVRenM89GHNLpdhpDxVrKtbJivXwGjNL2fuihjxND0YYVkK20Eegz6ceLhf4-QXGJFoj:1ly4I1:7GzOPLFA5WJFWGwiMeDYTGR5TdFlVogRW-teXTPLC5g", "expire_date": "2021-07-13T03:19:57.087Z"}}, {"model": "sessions.session", "pk": "xgg2ykma1lqbcjkg808uoo05qfc7gsbt", "fields": {"session_data": ".eJyrVirOyC9ISkxXsqpWSsrPySzLTAQxM0tSc4vjkyrjizOrUkECRqYGQDVGtbU6SsXlqYklQG0lusZpqVgV5yhZGQPVKVkZ1gIBAOOBIk8:1lvSSF:KNAG1sA5-eBtHY02geXmXQxTWv_kntxUVLgMVu7H7dU", "expire_date": "2021-07-05T22:31:43.687Z"}}, {"model": "sessions.session", "pk": "zdn3pioyxg2jqiugr0pdwut0pcnarv0i", "fields": {"session_data": ".eJxVjMsOwiAUBf-FtSGlgOW6dN9vIPcBUjU0Ke3K-O_apAvdnpk5LxVxW0vcWlriJOqijDr9boT8SHUHcsd6mzXPdV0m0ruiD9r0OEt6Xg_376BgK9-aGLwQD_3ZBWNABuwoJ2udJOvJIoRgxHnIkISDz2zBOM_U-w5cAKfeH-9PN74:1lxVMa:PiarSF-Rims97M-5SMZdgfkOC9SMRPNHRTP1fzZP6jc", "expire_date": "2021-07-11T14:02:20.031Z"}}, {"model": "sessions.session", "pk": "zijft9w2zi6qur2p9gjg8ujksppgae6l", "fields": {"session_data": "eyJzaG9wYmFnIjp7ImZyZW5jaC1wcmVzcyI6MSwiY29sb21iaWEiOjR9fQ:1lv7gF:Ji9wTduyT9qWhw8Yk34GvJHqHLvw-PZBYVpS5y9laNo", "expire_date": "2021-07-05T00:20:47.736Z"}}, {"model": "sites.site", "pk": 1, "fields": {"domain": "coffeecup.example.com", "name": "Coffee Cup"}}, {"model": "sites.site", "pk": 2, "fields": {"domain": "example.com", "name": "example.com"}}, {"model": "sites.site", "pk": 3, "fields": {"domain": "https://8000-aqua-butterfly-9pwlghb9.ws-eu09.gitpod.io/", "name": "https://8000-aqua-butterfly-9pwlghb9.ws-eu09.gitpo"}}, {"model": "account.emailaddress", "pk": 1, "fields": {"user": 1, "email": "slavabdev@gmail.com", "verified": true, "primary": true}}, {"model": "socialaccount.socialapp", "pk": 1, "fields": {"provider": "google", "name": "google-api", "client_id": "643589988678-crpjmkil91affv6ki07320bbj8l42ebf.apps.googleusercontent.com", "secret": "_HJjaodsYvOe65PvpClIAm35", "key": "", "sites": [2, 3]}}, {"model": "products.category", "pk": 1, "fields": {"name": "coffee", "slug": "coffee", "category_img": "photo/categories/coffee_cat_kJxpJnn.jpg"}}, {"model": "products.category", "pk": 2, "fields": {"name": "equipment", "slug": "equipment", "category_img": "photo/categories/equip_cat_BWfEi5K.jpg"}}, {"model": "products.category", "pk": 3, "fields": {"name": "merch", "slug": "merch", "category_img": "photo/categories/merch_cat_8tNcVCj.jpg"}}, {"model": "products.product", "pk": 1, "fields": {"category": 1, "name": "Brazil", "slug": "brazil", "description": "This coffee comes from the Cerrado region in Brazil and was produced by Jorge Bakarat. Jorge was a city boy by birth and a civil engineer by trade, but as a young man found himself in the coffee industry, and immediately, he knew that he had found his calling. This particular coffee has been processed using anaerobic fermentation - this process adds boozy qualities to the cup that remind us of rum while accentuating the strawberry flavours and giving the coffee an incredible fruit-forward profile. It also has a candy-like sweetness that can only be compared to bubblegum. d improve quality.", "has_sizes": true, "price": "18.00", "image": "photos/products/Soma-Coffee-Company-Brazil-Paraiso-Farm_540x.png", "favourites": []}}, {"model": "products.product", "pk": 2, "fields": {"category": 1, "name": "Bolivia", "slug": "bolivia", "description": "We're really pleased to have this coffee from Juana Gonzales' own farm, where Juana utilises new techniques and methods. As with last year, this coffee is honey-processed, meaning some of the fruit is left on the seed as it dries. As a result you have a super sweet coffee that can suit any brew method!", "has_sizes": true, "price": "19.00", "image": "photos/products/Juana-Gonz-imgs.001.png", "favourites": [1]}}, {"model": "products.product", "pk": 3, "fields": {"category": 1, "name": "Colombia", "slug": "colombia", "description": "We are incredibly excited to introduce our first certified organic coffee! El Rubi was produced by a group of farmers in the Tolima region of Colombia, each of the farmers holds a plot of land too small to produce an offering on its own, but the farmers in the region have banded together, each one receiving organic certification, and agreeing to produce high quality coffee for the specialty market. We love stories of collaboration like this one and are excited to support these farmers.", "has_sizes": true, "price": "12.00", "image": "photos/products/Soma-Colombia-El-Rubi-Organic_540x.jpg", "favourites": []}}, {"model": "products.product", "pk": 4, "fields": {"category": 1, "name": "El Salvador", "slug": "el-salvador", "description": "This coffee boasts hoards of complexity. It has a sticky, sweet orange marmalade acidity, with a big caramel sweetness that reminds us of butterscotch. While tasting this on the cupping table we were perplexed by one of the tasting notes, there was definitely chocolate in there, but it was slightly different to usual, and then we picked up that hint of coconut (an exciting, but unusual flavour to find in coffee) which rounds out the chocolate into a bounty bar like finish. This coffee has so much to offer, brew it in any brew method and you'll no doubt be delighted.", "has_sizes": true, "price": "14.00", "image": "photos/products/Soma-Coffee-Company-El-Salvador-Don-Carlos_540x.png", "favourites": []}}, {"model": "products.product", "pk": 5, "fields": {"category": 1, "name": "Ethiopia", "slug": "ethiopia", "description": "Ana Sora is a fairly rare example of a private estate in Ethiopia, owned by Israel Degfa. It is a relatively new and large farm, sitting at extremely high altitudes near the town of Yirgacheffe. At the moment, all of the coffee on the farm is naturally processed, which gives this coffee a syrupy quality, with many of the exciting flavours common to coffees from this region.", "has_sizes": true, "price": "14.00", "image": "photos/products/Ana-Sora-NAt-Vert-2021-imgs.001.png", "favourites": [1]}}, {"model": "products.product", "pk": 6, "fields": {"category": 1, "name": "Ethiopia decaf", "slug": "ethiopia-decaf", "description": "Just because it's decaf doesn't mean it can't taste just as great as regular coffee! Our decaf is sourced and roasted with the same attention to detail as all our coffees and equally as delicious!", "has_sizes": true, "price": "12.00", "image": "photos/products/Soma-Decaf-Ethiopia_9b97eeb8-fb63-4dfb-a64f-387f7ee3f381_540x.png", "favourites": []}}, {"model": "products.product", "pk": 7, "fields": {"category": 1, "name": "Guatemala", "slug": "guatemala", "description": "Guatemala in general is an exceptional coffee region with lots of great quality to offer! Watch this space because we are sure to have more where this coffee comes from. It is also our first time roasting a Villa Sarchi variety. This variety is a natural mutation of the Bourbon variety that originally occurred in Costa Rica, but because of its suitability to the climate, it has become quite popular throughout Central America. The Villa Sarchi variety offers excellent cup quality with nuanced acidity, great clarity, and prominent sweetness.", "has_sizes": true, "price": "13.00", "image": "photos/products/Soma-Coffee-Company-Guatemala-Las-Esperanza_540x.png", "favourites": []}}, {"model": "products.product", "pk": 8, "fields": {"category": 1, "name": "Honduras", "slug": "honduras", "description": "Saul Moises has become a very influential coffee producers in central America. His name, or the name of his farm, La Cascada, can be seen in specialty coffee shops around the world and has become synonymous with excellent quality, experimental processing, and all-round great coffee. Needless to say, despite being our second coffee from him, we are no less excited about it!", "has_sizes": true, "price": "15.00", "image": "photos/products/Soma-Coffee-Company-Honduras-Saul-Moises_540x.png", "favourites": []}}, {"model": "products.product", "pk": 9, "fields": {"category": 1, "name": "Nicaragua", "slug": "nicaragua", "description": "Las Nubes comes from several farms in The Cordillera Isabelia, a mountainous rainforest in Nicaragua. The area was one of the first to adapt to coffee production in Nicaragua, and traditional methods are still used. Las Nubes is an extremely complex coffee, refreshing and clean, an ideal summer coffee.", "has_sizes": true, "price": "12.00", "image": "photos/products/Las-Nubes-imgs.001.png", "favourites": []}}, {"model": "products.product", "pk": 10, "fields": {"category": 1, "name": "Rwanda", "slug": "rwanda", "description": "Our first Rwandan coffee in quite some time comes from Sholi, a co-op started by 30 women in the Cyeza region. Over the years Sholi has grown to include 610 local producers and has been the catalyst for revitalising the local community while producing excellent coffee. This washed bourbon is crisp and sweet, perfect for summer.", "has_sizes": true, "price": "11.00", "image": "photos/products/Sholi-Imgs.001.png", "favourites": []}}, {"model": "products.product", "pk": 11, "fields": {"category": 3, "name": "Sweatshot 3fe", "slug": "sweatshot-3fe", "description": "Keep it cosy with our 3fe Crewneck", "has_sizes": true, "price": "45.00", "image": "photos/products/Merch-first-draft-pics.004.png", "favourites": []}}, {"model": "products.product", "pk": 12, "fields": {"category": 3, "name": "Ocean bottle", "slug": "ocean-bottle", "description": "The original award-winning Ocean Bottle keeps cold drinks cold, and hot drinks hot. Made from double wall vacuum-insulated stainless steel and recycled content. The anti-leak dual opening lid makes filling and cleaning a breeze. Plus, unlike most reusable bottles, Ocean Bottle is 100% dishwasher safe.", "has_sizes": false, "price": "20.00", "image": "photos/products/Wholesale-Photos-2-copy.003.png", "favourites": []}}, {"model": "products.product", "pk": 13, "fields": {"category": 3, "name": "Socks 3fe", "slug": "socks-3fe", "description": "Pair with a 3fe Supporters Scarf to really complete the look.\r\n80% Cotton\r\n17% Polyamide\r\n3% Elastane", "has_sizes": false, "price": "10.00", "image": "photos/products/3fe-merch-imgs.002.png", "favourites": []}}, {"model": "products.product", "pk": 14, "fields": {"category": 3, "name": "Scarf 3fe", "slug": "scarf-3fe", "description": "Show your support for your favourite local coffee roaster.", "has_sizes": false, "price": "15.00", "image": "photos/products/Scarf-Product-Image.001.png", "favourites": []}}, {"model": "products.product", "pk": 15, "fields": {"category": 3, "name": "Beanie Soma", "slug": "beanie-soma", "description": "Represent your favourite local cafe (hint: it's us) this winter with Soma's new range of merch and swag. All of our merchandise supports local producers and the branding is from the work of local artists.", "has_sizes": false, "price": "15.00", "image": "photos/products/image_540x.jpg", "favourites": []}}, {"model": "products.product", "pk": 16, "fields": {"category": 3, "name": "Mug", "slug": "mug", "description": "Tapio is a small Irish company who produce 8oz double-walled aluminium travel mugs. These mugs are stylishly designed and, with their incredible insulation, they can keep your coffee hot (or cold) for up to three hours. The cups are made from food-grade stainless steel. This means that they impart no odours or flavours to your drink; all that you will taste is your delicious tea or coffee!", "has_sizes": false, "price": "25.00", "image": "photos/products/8-oz-Tapio-Insulated-Soma-Travel-Mug_540x.jpg", "favourites": []}}, {"model": "products.product", "pk": 17, "fields": {"category": 2, "name": "Aeropress", "slug": "aeropress", "description": "The AeroPress is, without doubt, one of the most accomplished and recognized coffee brewers on the market today. It is a perfect coffee maker, no matter your skill level - from the experienced and avid coffee enthusiast to the casual mid-day office brewer, the AeroPress will always deliver. This begs the question: how do you improve on what is already an almost perfect coffee maker that is portable, virtually unbreakable, and one of the most versatile coffee makers in the world. Quite simple really, you just lean into these achievements by making it more portable and more robust!", "has_sizes": false, "price": "30.01", "image": "photos/products/AeroPress-GO-Coffee-Maker_540x.jpg", "favourites": []}}, {"model": "products.product", "pk": 18, "fields": {"category": 2, "name": "French Press", "slug": "french-press", "description": "Despite the French press falling to the sidelines with many specialty coffee aficionados, the French press has been an iconic favourite in the world of coffee brewing for many decades. You might even be surprised to hear that it remains the preferred brew method of most coffee roasters because French press brews are the closest to what you might find in a cupping bowl. The French press is a classic and versatile full immersion brewer that every kitchen needs.", "has_sizes": false, "price": "28.00", "image": "photos/products/Bialetti-3-Cup-French-Press-Hero-Shot_540x.jpg", "favourites": []}}, {"model": "products.product", "pk": 19, "fields": {"category": 2, "name": "Moka Express", "slug": "moka-express", "description": "There is nothing quite like real espresso. Its rich, decadent and syrupy body and flavour are second to none. Making real, authentic espresso requires a lot of high-end and expensive equipment, but a few very simply home brewers have managed to get extraordinarily close, and the original home espresso maker is the Bialetti Moka Express. While it is not quite espresso, it is one of the closest things we have and, more importantly, it brews delicious, intense, and full-bodied coffee! If you are an espresso lover, the Moka Express is a must-have home brewer for you!", "has_sizes": false, "price": "30.00", "image": "photos/products/Bialetti-Black-3-Cup-Moka-Pot-Photo_540x.jpg", "favourites": []}}, {"model": "products.product", "pk": 20, "fields": {"category": 2, "name": "Coffee scale", "slug": "coffee-scale", "description": "The ideal scales for home brewing, the Hario comes with both a time and weight digital display. This also fits most standard portafilters for those of you making home espresso.", "has_sizes": false, "price": "24.00", "image": "photos/products/Craft-Photos.038.png", "favourites": []}}, {"model": "products.product", "pk": 21, "fields": {"category": 2, "name": "Tea Pot", "slug": "tea-pot", "description": "These beautiful and durable tea pots have a built in infuser and are available in Red, White, Blue & Grey", "has_sizes": false, "price": "25.00", "image": "photos/products/For-Life-images-Red.png", "favourites": []}}, {"model": "products.product", "pk": 22, "fields": {"category": 2, "name": "Hario mini drip", "slug": "hario-mini-drip", "description": "The Kasuya Range of Hario products are all designed with a beautiful and stylish matte black finish. When brewing a pour over, making sure that all the coffee is saturated evenly can make a big difference in your extraction and flavour. This kettle has a precision pouring spout and an ergonomic handle making each pour slow, directional, and precisely where you want it. By giving you extra control and precision, you can decide how fast the water flows and tweak your brews to perfection.", "has_sizes": false, "price": "32.00", "image": "photos/products/Tetsa-Kasuya-Hario-Precision-Pouring-Kettle_540x.jpg", "favourites": []}}, {"model": "products.product", "pk": 23, "fields": {"category": 2, "name": "Sage Barista Pro", "slug": "sage-barista-pro", "description": "The Sage Barista Pro Espresso Machines allows you to make coffee shop quality espresso in one machine at home. The integrated conical burr grinder gives you full control of you grind size and dose of your coffee, while the ThermoJet heating system brings your machine up to temperature in 3 seconds. This allows you to brew a perfect espresso at home in no time. The powerful Sage steam wand produces latte-art worthy micro foam milk, so you will be pouring cappuccinos like a pro.", "has_sizes": false, "price": "385.00", "image": "photos/products/sage-black.001.png", "favourites": []}}, {"model": "products.product", "pk": 24, "fields": {"category": 2, "name": "Victoria Arduino grinder", "slug": "victoria-arduino-grinder", "description": "With the Mythos One, Victoria Arduino developed Clima Pro technology, which moved the boundaries of on demand coffee grinder operating temperatures; now with the new Clima Pro 2.0 system of Mythos 2, baristas can work with lower temperatures, thus expanding their range of choice. In addition to keep consistent the temperature in grinding chamber, Mythos 2 is also able to reduce it, to allow a more efficient work.", "has_sizes": false, "price": "280.00", "image": "photos/products/Craft-Photos.093.png", "favourites": []}}, {"model": "products.product", "pk": 25, "fields": {"category": 2, "name": "Wilfa Coffee Grinder", "slug": "wilfa-coffee-grinder", "description": "There are many manual grinders on the market today, some of them very reasonably priced and of excellent quality, however, the expectation that you need to manually grind your coffee before you've had your coffee is unreasonable at best. This is where the Wilfa Classic Electric Coffee Grinder comes into play and you begin your exploration of freshly ground coffee.", "has_sizes": false, "price": "180.00", "image": "photos/products/Wilfa-Classic-Eectric-Coffee-Grinder-Hero-Shot_540x.jpg", "favourites": []}}, {"model": "checkout.order", "pk": 23, "fields": {"order_number": "F2A33F009C524EA18DE8CE852BCD85C8", "user_profile": 1, "full_name": "misterx", "email": "test@test.com", "phone_number": "43543454", "country": "MT", "postcode": "345678P", "town_or_city": "some city", "street_address1": "some place", "street_address2": null, "county": null, "date": "2021-06-27T13:58:50.288Z", "delivery_cost": "2.80", "order_total": "28.00", "grand_total": "30.80", "original_shopbag": "{\"french-press\": 1}", "stripe_pid": "pi_1J6yVBKz2mpITkQXmtJ0r9Rl"}}, {"model": "checkout.order", "pk": 27, "fields": {"order_number": "9C9E5AD2FFAC441DBEFD66ED81159971", "user_profile": null, "full_name": "Sean", "email": "sean@sean.com", "phone_number": "2222222222", "country": "IE", "postcode": "0000", "town_or_city": "dublin", "street_address1": "22 some street", "street_address2": "town", "county": "Dublin", "date": "2021-06-27T14:18:45.992Z", "delivery_cost": "1.90", "order_total": "19.00", "grand_total": "20.90", "original_shopbag": "{\"bolivia\": {\"items_by_size\": {\"250g\": 1}}}", "stripe_pid": "pi_1J6ynMKz2mpITkQXMQElTiOw"}}, {"model": "checkout.order", "pk": 28, "fields": {"order_number": "09EA0F3A945643589E7CD1547F649113", "user_profile": 1, "full_name": "misterx", "email": "test@test.com", "phone_number": "43543454", "country": "MT", "postcode": "345678P", "town_or_city": "some city", "street_address1": "some place", "street_address2": null, "county": null, "date": "2021-06-27T14:29:14.838Z", "delivery_cost": "2.80", "order_total": "28.00", "grand_total": "30.80", "original_shopbag": "{\"french-press\": 1}", "stripe_pid": "pi_1J6yylKz2mpITkQXvFOxe2ZA"}}, {"model": "checkout.order", "pk": 29, "fields": {"order_number": "AD026D1D90244434AF671B8DBD78998B", "user_profile": null, "full_name": "tester", "email": "qwerty@qwerty.com", "phone_number": "01233454556", "country": "GB", "postcode": "qw123123", "town_or_city": "qweqweqwe", "street_address1": "qweqweqwe", "street_address2": "qweqweqweqweqwe", "county": "qweqweqwe", "date": "2021-06-27T14:30:31.985Z", "delivery_cost": "0.00", "order_total": "40.00", "grand_total": "40.00", "original_shopbag": "{\"ocean-bottle\": 2}", "stripe_pid": "pi_1J6yzxKz2mpITkQXxLxUUdRj"}}, {"model": "checkout.order", "pk": 30, "fields": {"order_number": "1AADB8F4B0CC4D7591B9F80A2BDE30D6", "user_profile": null, "full_name": "vasya mmmmm", "email": "vasya@vasya.com", "phone_number": "0833270263", "country": "AZ", "postcode": "T45P347", "town_or_city": "Cork", "street_address1": "10 Barrymore", "street_address2": "Cork", "county": "Cork", "date": "2021-06-27T20:02:44.761Z", "delivery_cost": "0.00", "order_total": "30.00", "grand_total": "30.00", "original_shopbag": "{\"moka-express\": 1}", "stripe_pid": "pi_1J74AZKz2mpITkQX8fdiNgMF"}}, {"model": "checkout.order", "pk": 31, "fields": {"order_number": "CE564B7C9BA34C0795530DFE0B83CB2B", "user_profile": null, "full_name": "misterrerere", "email": "test2@test.com", "phone_number": "1233454556", "country": "IE", "postcode": "qw123123", "town_or_city": "qweqweqwe", "street_address1": "qweqweqwe", "street_address2": "qweqweqweqweqwe", "county": "qweqweqwe", "date": "2021-06-27T20:18:33.451Z", "delivery_cost": "0.00", "order_total": "60.00", "grand_total": "60.00", "original_shopbag": "{\"moka-express\": 2}", "stripe_pid": "pi_1J74QeKz2mpITkQX9b0L1h6u"}}, {"model": "checkout.order", "pk": 33, "fields": {"order_number": "8C70D5912FE04056B4832BC3E110A896", "user_profile": null, "full_name": "Vasya pupkin", "email": "vasya@vasya.com", "phone_number": "43543454", "country": "LR", "postcode": "dffgdffgd23", "town_or_city": "cool city", "street_address1": "everywhere", "street_address2": null, "county": null, "date": "2021-06-27T20:54:17.743Z", "delivery_cost": "0.00", "order_total": "30.00", "grand_total": "30.00", "original_shopbag": "{\"moka-express\": 1}", "stripe_pid": "pi_1J74zEKz2mpITkQXIlPvJHk3"}}, {"model": "checkout.order", "pk": 34, "fields": {"order_number": "4E7B9BFB2F5F44C3983BC0ECAA57EB42", "user_profile": 1, "full_name": "Slava Balykov", "email": "slavabdev@gmail.com", "phone_number": "0833270263", "country": "AL", "postcode": "T45P347", "town_or_city": "Cork", "street_address1": "10 Barrymore", "street_address2": "Cork", "county": "Cork", "date": "2021-06-29T17:35:49.948Z", "delivery_cost": "1.90", "order_total": "19.00", "grand_total": "20.90", "original_shopbag": "{\"bolivia\": {\"items_by_size\": {\"250g\": 1}}}", "stripe_pid": "pi_1J7kqGKz2mpITkQXFQ3Z4jNU"}}, {"model": "checkout.orderlineitem", "pk": 36, "fields": {"order": 23, "product": 18, "product_size": null, "quantity": 1, "lineitem_total": "28.00"}}, {"model": "checkout.orderlineitem", "pk": 40, "fields": {"order": 27, "product": 2, "product_size": "250g", "quantity": 1, "lineitem_total": "19.00"}}, {"model": "checkout.orderlineitem", "pk": 41, "fields": {"order": 28, "product": 18, "product_size": null, "quantity": 1, "lineitem_total": "28.00"}}, {"model": "checkout.orderlineitem", "pk": 42, "fields": {"order": 29, "product": 12, "product_size": null, "quantity": 2, "lineitem_total": "40.00"}}, {"model": "checkout.orderlineitem", "pk": 43, "fields": {"order": 30, "product": 19, "product_size": null, "quantity": 1, "lineitem_total": "30.00"}}, {"model": "checkout.orderlineitem", "pk": 44, "fields": {"order": 31, "product": 19, "product_size": null, "quantity": 2, "lineitem_total": "60.00"}}, {"model": "checkout.orderlineitem", "pk": 47, "fields": {"order": 33, "product": 19, "product_size": null, "quantity": 1, "lineitem_total": "30.00"}}, {"model": "checkout.orderlineitem", "pk": 48, "fields": {"order": 34, "product": 2, "product_size": "250g", "quantity": 1, "lineitem_total": "19.00"}}, {"model": "users.userprofile", "pk": 1, "fields": {"user": 1, "default_phone_number": "0833270263", "default_street_address1": "10 Barrymore", "default_street_address2": "Cork", "default_town_or_city": "Cork", "default_county": "Cork", "default_postcode": "T45P347", "default_country": "AL"}}, {"model": "reviews.review", "pk": 17, "fields": {"product": 17, "user": 1, "review_title": "sdfsdfsdf1231231", "review_body": "sdfsdfsdf", "date_added": "2021-06-29T13:12:41.241Z"}}]